<?xml version="1.0" encoding="UTF-8"?>
<!DOCTYPE fontscolors PUBLIC "-//NetBeans//DTD Editor Fonts and Colors settings 1.1//EN" "http://www.netbeans.org/dtds/EditorFontsColors-1_1.dtd">
<fontscolors>
    <fontcolor name="error" underline="ffff3333"/>
    <fontcolor foreColor="ff8aa6c1" name="char"/>
    <fontcolor foreColor="ff0099ff" name="keyword"/>
    <fontcolor foreColor="ff333333" name="whitespace"/>
    <fontcolor foreColor="ff99ff00" name="number"/>
    <fontcolor default="keyword" name="markup-element"/>
    <fontcolor name="operator"/>
    <fontcolor name="url" underline="blue"/>
    <fontcolor default="identifier" name="field"/>
    <fontcolor bgColor="ff0d1622" foreColor="white" name="default">
        <font name="Monospaced" size="13" style="plain"/>
    </fontcolor>
    <fontcolor foreColor="ff99ff99" name="string"/>
    <fontcolor default="string" name="markup-attribute-value"/>
    <fontcolor default="default" name="entity-reference"/>
    <fontcolor default="identifier" name="method"/>
    <fontcolor foreColor="ffa6a684" name="comment">
        <font style="italic"/>
    </fontcolor>
    <fontcolor name="identifier"/>
    <fontcolor name="warning" waveUnderlined="yellow"/>
    <fontcolor name="separator"/>
    <fontcolor default="field" name="markup-attribute"/>
</fontscolors>
